Rank,Site,YSlow,PageSpeed,jQuery,Prototype,YAHOO,MooTools,Scriptaculous,SWFObject,gaGlobal,dojo,MochiKit,Ext,Jx,base2,sIFR
1,google.com,87,79,,,,,,,,,,,,,
2,facebook.com,92,88,,,,,,TRUE,,,,,,,
3,youtube.com,78,82,,,,,,TRUE,,,,,,,
4,yahoo.com,94,88,1.3.2,,TRUE,,,,,,,,,,
5,live.com,87,84,,,,,,,,,,,,,
6,wikipedia.org,81,87,,,,,,,,,,,,,
7,baidu.com,,92,,,,,,,,,,,,,
8,blogger.com,75,88,,,,,,,,,,,,,
9,msn.com,87,89,1.4.2 true,,,,,,,,,,,,
10,qq.com,75,86,,,,,,,,,,,,,
11,twitter.com,,91,1.3 true,,,,,,TRUE,,,,,,
12,yahoo.co.jp,84,88,,,TRUE,,,,,,,,,,
13,google.co.in,96,94,,,,,,,,,,,,,
14,taobao.com,83,88,,,TRUE,,,,,,,,,,
15,google.de,96,94,,,,,,,,,,,,,
16,google.com.hk,97,98,,,,,,,,,,,,,
17,wordpress.com,77,89,1.4.2 true,,,,,,,,,,,,
18,sina.com.cn,55,83,,,,,,,,,,,,,
19,google.co.uk,96,94,,,,,,,,,,,,,
20,amazon.com,84,79,1.2.6 1.3.2 true,,TRUE,,,TRUE,,,,,,,
21,microsoft.com,62,79,1.4 true,,,,,,,,,,,,
22,myspace.com,83,86,,,,,,TRUE,TRUE,,,,,,
23,google.fr,96,94,,,,,,,,,,,,,
24,bing.com,98,98,,,,,,,,,,,,,
25,ebay.com,90,88,,,,,,,,,,,,,
26,yandex.ru,79,90,1.3.2 true,,,,,,,,,,,,
27,google.co.jp,95,93,,,,,,,,,,,,,
28,linkedin.com,87,87,,,TRUE,,,,TRUE,,,,,,
29,google.com.br,94,94,,,,,,,,,,,,,
30,163.com,67,91,,,,,,,,,,,,,
31,flickr.com,83,88,,,,,,,,,,,,,
32,mail.ru,66,80,1.3.2 true,,,,,,,,,,,,
33,craigslist.org,96,87,,,,,,,,,,,,,
34,google.it,94,94,,,,,,,,,,,,,
35,fc2.com,67,82,1.2.6 true,,,,,,TRUE,,,,,,
36,rapidshare.com,,83,,,,,,,,,,,,,
37,vkontakte.ru,,80,,,,,,,,,,,,,
38,google.es,96,94,,,,,,,,,,,,,
39,conduit.com,74,82,1.3.2 true,,,,,,TRUE,,,,,,
40,livejasmin.com,84,82,1.3.2 true,,,,,,,,,,,,
41,soso.com,96,92,,,,,,,,,,,,,
42,bbc.co.uk,61,82,,,,,,TRUE,,,,,,,
43,imdb.com,64,80,1.2.6 true,,,,,,,,,,,,
44,go.com,67,78,1.2.6 1.3.2 true,,,,,TRUE,,,,,,,
45,aol.com,70,80,1.3.2 true,,,,,,,,,,,,
46,doubleclick.com,54,67,,,,,,TRUE,TRUE,,,,,,TRUE
47,apple.com,74,74,,TRUE,,,TRUE,,,,,,,,
48,youku.com,80,84,,TRUE,,,,TRUE,,,,,,,
49,bp.blogspot.com,,,,,,,,,,,,,,,
50,google.com.mx,96,94,,,,,,,,,,,,,
51,sohu.com,64,80,,,,,,,,,,,,,
52,orkut.com.br,98,87,,,,,,,,,,,,,
53,pornhub.com,69,83,1.4.2 true,,,TRUE,,TRUE,TRUE,,,,,,
54,google.ca,96,94,,,,,,,,,,,,,
55,xvideos.com,73,85,,,,,,,TRUE,,,,,,
56,photobucket.com,,79,1.3.2 true,TRUE,,,,TRUE,TRUE,,,,,,
57,googleusercontent.com,99,93,,,,,,,,,,,,,
58,cnn.com,55,75,,TRUE,,,TRUE,,TRUE,,,,,,
59,adobe.com,64,73,,TRUE,,,,TRUE,,,,,,,
60,ask.com,82,84,,,,,,TRUE,TRUE,,,,,,
61,google.ru,94,94,,,,,,,,,,,,,
62,youporn.com,79,89,,,TRUE,,,,TRUE,,,,,,
63,orkut.com,98,87,,,,,,,,,,,,,
64,about.com,78,85,,,,TRUE,,,,,,,,,
65,mediafire.com,85,86,,,,,,,TRUE,,,,,,
66,espn.go.com,67,82,1.3.2 true,,,,,,,,,,,,
67,cnet.com,56,75,,,,TRUE,,,,,,,,,
68,ebay.de,81,88,,,,,,,,,,,,,
69,google.cn,,89,,,,,,,,,,,,,
70,rakuten.co.jp,63,82,1.4.1 true,,,,,,,,,,,,
71,tudou.com,87,91,1.3.2 true,,,,,,,,,,,,
72,4shared.com,71,76,1.2.6 true,,,,,,TRUE,,,,,,
73,google.co.id,94,94,,,,,,,,,,,,,
74,google.com.tr,94,94,,,,,,,,,,,,,
75,hi5.com,60,79,1.2.6 true,TRUE,TRUE,,,,TRUE,,,,,,
76,ameblo.jp,,77,1.3.2 true,,,,,TRUE,TRUE,,,,,,
77,xhamster.com,66,76,1.3.1 true,,,,,TRUE,TRUE,,,,,,
78,files.wordpress.com,,89,,,,,,,,,,,,,
79,imageshack.us,66,80,1.3.2 true,,,,,,TRUE,,,,,,
80,google.com.au,85,93,,,,,,,,,,,,,
81,sogou.com,,93,,,,,,,,,,,,,
82,livejournal.com,70,73,1.4.2 true,,,,,,,,,,,,
83,megavideo.com,59,74,1.3.2 true,,,,,,TRUE,,,,,,
84,orkut.co.in,98,87,,,,,,,,,,,,,
85,hotfile.com,76,80,1.3.2 true,,,,,,TRUE,,,,,,
86,uol.com.br,58,80,,,,,,,,,,,,,
87,megaupload.com,81,82,,,,,,,TRUE,,,,,,
88,paypal.com,79,78,,,,,,,,,,,,,
89,hao123.com,92,88,,,,,,,,,,,,,
90,cpxinteractive.com,,78,,,,TRUE,,,,,,,,,
91,nytimes.com,57,74,,TRUE,,,,,TRUE,,,,,,
92,livedoor.com,64,79,1.2.3 true,,,,,,TRUE,,,,,,
93,tianya.cn,72,83,1.2.3 true,,,,,,TRUE,,,,,,
94,google.pl,93,94,,,,,,,,,,,,,
95,kaixin001.com,87,84,1.4.2 true,TRUE,,,,TRUE,,,,,,,
96,mixi.jp,,79,,TRUE,,,,,,,,,,,
97,godaddy.com,70,86,1.3.1 true,,,,,,,,,,,,
98,thepiratebay.org,,89,,,,,,,,,,,,,
99,alibaba.com,76,76,,,TRUE,,,,,,,,,,
100,ebay.co.uk,84,86,,,,,,,,,,,,,
101,renren.com,90,86,,,,,,,,,,,,,
102,tube8.com,67,84,1.4.2 true,,,,,,TRUE,,,,,,
103,google.nl,94,94,,,,,,,,,,,,,
104,google.com.sa,95,93,,,,,,,,,,,,,
105,redtube.com,92,94,,,,,,,TRUE,,,,,,
106,globo.com,75,78,1.2.6 true,,,,,,TRUE,,,,,,
107,odnoklassniki.ru,94,87,,,,,,,,,,,,,
108,mozilla.com,80,90,1.3.2 true,,TRUE,,,,,,,,,,
109,optmd.com,82,86,,,,,,,,,,,,,
110,deviantart.com,63,85,1.4.2 true,,,,,,TRUE,,,,,,
111,xtendmedia.com,64,73,,TRUE,TRUE,,TRUE,,TRUE,,,,,,
112,adultfriendfinder.com,78,89,,,,,,,,,,,,,
113,dailymotion.com,53,82,,TRUE,,,,TRUE,TRUE,,,,,,
114,weather.com,66,74,1.3.2,,TRUE,,,,,,,,,,
115,goo.ne.jp,71,82,,,,,,,,,,,,,
116,rediff.com,91,85,,,,,,,,,,,,,
117,amazon.de,82,82,1.2.6 true,,,,,,,,,,,,
118,digg.com,,81,1.3.2 true,,,,,,,,,,,,
119,ifeng.com,54,72,,,,,,,,,,,,,
120,xnxx.com,69,79,,,,,,,TRUE,,,,,,
121,clicksor.com,64,75,1.3.2 true,,,,,,TRUE,,,,,,
122,1e100.net,,,,,,,,,,,,,,,
123,xunlei.com,76,83,,,,,,,,,,,,,
124,amazon.co.jp,81,79,1.2.6 true,,,,,,,,,,,,
125,ning.com,86,87,1.2.6 true,,,,,,TRUE,,,,,,
126,yieldmanager.com,90,91,,,,,,,,,,,,,
127,ezinearticles.com,,80,1.3.2 true,,,,,,,,,,,,
128,taringa.net,56,79,1.4.2 true,,,,,,TRUE,,,,,,
129,google.com.ar,96,94,,,,,,,,,,,,,
130,badoo.com,,84,,,,,,,TRUE,,,,,,
131,spiegel.de,56,74,,,,,,,,,,,,,
132,mywebsearch.com,87,82,1.2.6 true,,,,,,,,,,,,
133,partypoker.com,74,87,1.3.2 true,,,,,,,,,,,,TRUE
134,google.co.th,93,94,,,,,,,,,,,,,
135,twitpic.com,70,86,1.4.1 true,,,,,,TRUE,,,,,,
136,rambler.ru,,86,,,,,,,,,,,,,
137,ehow.com,53,72,1.4.2 true,,TRUE,,,TRUE,TRUE,,,,,,
138,filestube.com,91,90,,,,,,,TRUE,,,,,,
139,google.com.eg,94,94,,,,,,,,,,,,,
140,zedo.com,81,87,,,,,,,,,,,,,
141,answers.com,76,79,1.4 true,TRUE,,,,,TRUE,,,,,,
142,netflix.com,77,84,1.3.2 true,,,,,,,,,,,,
143,cnzz.com,,78,,TRUE,,,TRUE,,,,,,,,
144,aweber.com,83,92,1.4.1 true,,,,,,TRUE,,,,,,
145,google.co.za,96,94,,,,,,,,,,,,,
146,bit.ly,,85,1.4.2 true,,,,,,,,,,,,
147,download.com,,77,,,,,,,,,,,,,
148,google.com.pk,95,94,,,,,,,,,,,,,
149,tumblr.com,69,76,,TRUE,,,,,TRUE,,,,,,
150,tinypic.com,66,84,1.3.2 true,,,,,TRUE,TRUE,TRUE,,,,,
151,depositfiles.com,77,76,1.3.2 true,,,,,,TRUE,,,,,,
152,wretch.cc,76,83,,,TRUE,,,,,,,,,,
153,bankofamerica.com,65,74,,,,,,,,,,,,,
154,ku6.com,74,87,,,,,,TRUE,,,,,,,
155,nicovideo.jp,63,77,,TRUE,,,,TRUE,,,,,,,
156,free.fr,67,80,1.3.2 true,,,,,,TRUE,,,,,,
157,onet.pl,78,81,,,,,,,,,,,,,
158,wikimedia.org,82,86,,,,,,,,,,,,,
159,nasza-klasa.pl,,81,,,,TRUE,,TRUE,TRUE,,,,,,
160,maktoob.com,81,84,,,,,,,TRUE,,,,,,
161,tagged.com,74,84,,,TRUE,,,,,,,,,,
162,youjizz.com,53,80,1.3.2 true,,,,,TRUE,TRUE,,,,,,
163,huffingtonpost.com,53,83,,,TRUE,,,,TRUE,,,,,,
164,sourceforge.net,,87,1.3.2 true,,,,,,TRUE,,,,,,
165,terra.com.br,70,79,1.4 true,,,,,TRUE,,,,,,,
166,indiatimes.com,54,74,1.4pre true,,,,,,TRUE,,,,,,
167,secureserver.net,,88,,,,,,,,,,,,,
168,vk.com,,80,,,,,,,,,,,,,
169,domaintools.com,79,89,,,,,,,TRUE,,,,,,
170,reference.com,60,83,,,,,,,TRUE,,,,,,
171,fastbrowsersearch.com,84,90,,,,,,,,,,,,,
172,typepad.com,60,78,1.2.2 true,,TRUE,,,,TRUE,,,,,,
173,pconline.com.cn,65,81,1.4.2 true,,,,,,,,,,,,
174,56.com,62,87,,,,,,,,,,,,,
175,torrentz.com,73,86,1.4.1 true,,,,,,,,,,,,
176,hulu.com,76,84,,TRUE,,,,TRUE,TRUE,,,,,,
177,addthis.com,84,88,1.3.2 true,,,,,,TRUE,,,,,,
178,statcounter.com,70,91,,,,,,,,,,,,,
179,amazon.co.uk,81,83,1.2.6 true,,,,,,,,,,,,
180,orange.fr,74,80,,,,,,,,,,,,,
181,archive.org,83,78,,,,,,,,,,,,,
182,comcast.net,70,86,1.3.2 true,,,,,,,,,,,,
183,stumbleupon.com,76,83,1.3.2 true,,,,,,TRUE,,,,,,
184,nifty.com,74,82,1.2.6,,,,,,,,,,,,
185,dell.com,74,86,1.2.2 true,,,,,,,,,,,,
186,gmx.net,64,82,1.3.2 true,,,,,,,,,,,,
187,bild.de,59,75,,TRUE,,,,,TRUE,,,,,,
188,hp.com,80,86,1.2.6 true,,,,,,,,,,,,
189,cricinfo.com,60,82,1.3.2 true,,,,,,,,,,,,
190,blogfa.com,78,91,,,,,,,TRUE,,,,,,
191,digitalpoint.com,77,91,,,,,,,TRUE,,,,,,
192,soufun.com,51,80,,,,,,,,,,,,,
193,gougou.com,82,88,,,,,,,,,,,,,
194,google.be,94,94,,,,,,,,,,,,,
195,wordpress.org,,90,,,,,,,TRUE,,,,,,
196,2ch.net,80,87,,,,,,,,,,,,,
197,foxnews.com,46,66,1.3.2 true,TRUE,,,,TRUE,TRUE,,,,,,
198,zol.com.cn,,93,,,TRUE,,,,TRUE,,,,,,
199,linkbucks.com,78,87,,,,,,,TRUE,,,,,,
200,web.de,54,79,,TRUE,,,,,,,,,,,
201,google.co.ve,96,94,,,,,,,,,,,,,
202,wp.pl,66,79,,,,,,,,,,,,,
203,wikia.com,78,83,1.4.1 true,,,,,,TRUE,,,,,,
204,dailymail.co.uk,56,80,,,,,,,TRUE,,,TRUE,,,
205,libero.it,62,85,1.3.2 true,,,,,,TRUE,,,,,,
206,istockphoto.com,74,82,,TRUE,,,TRUE,,TRUE,,,,,,
207,mybrowserbar.com,96,97,,,,,,,,,,,,,
208,allegro.pl,88,85,1.4.2 true,,,,,,,,,,,,
209,douban.com,79,76,1.2.6 true,,,,,,TRUE,,,,,,
210,metacafe.com,70,86,,,,TRUE,,,TRUE,,,,,,
211,google.com.co,96,94,,,,,,,,,,,,,
212,google.gr,94,94,,,,,,,,,,,,,
213,xing.com,91,84,,TRUE,,,,,,,,,,,
214,angege.com,,84,,,,,,,,,,,,,
215,google.at,96,94,,,,,,,,,,,,,
216,118114.cn,,88,,,,,,,,,,,,,
217,google.com.vn,96,94,,,,,,,,,,,,,
218,hubpages.com,,89,1.4.2 true,TRUE,,,,,TRUE,,,,,,
219,google.se,99,93,,,,,,,,,,,,,
220,csdn.net,57,81,,,,,,,TRUE,,,,,,
221,chinaz.com,69,78,,,,,,,,,,,,,
222,biglobe.ne.jp,58,82,1.4.2 true,,,,,,,,,,,,
223,ameba.jp,70,81,,,,,,TRUE,TRUE,,,,,,
224,imagevenue.com,83,89,,,,,,,TRUE,,,,,,
225,vimeo.com,81,87,,,,TRUE,,TRUE,TRUE,,,,,,
226,netlog.com,,93,,,,,,,,,,,,,
227,mlb.com,60,71,1.3.2 true,,,,,TRUE,,,,,,,
228,scribd.com,66,85,,TRUE,,,TRUE,TRUE,TRUE,,,,,,
229,guardian.co.uk,66,81,1.4.1 true,,,,,,TRUE,,,,,,
230,squidoo.com,65,89,1.2.6 true,,,,,,TRUE,,,,,,
231,keezmovies.com,61,80,1.3.2 true,,,,,,TRUE,,,,,,
232,amazonaws.com,,80,,,,,,,,,,,,,
233,isohunt.com,,81,1.4.2 true,,,,,TRUE,TRUE,,,,,,
234,126.com,86,93,,,,,,,,,,,,,
235,51.com,,85,1.2.3 true,,,,,,,,,,,,
236,google.com.my,96,94,,,,,,,,,,,,,
237,leboncoin.fr,77,88,,,,,,,,,,,,,
238,naver.com,59,86,,,,,,,,,,,,,
239,narod.ru,,82,,,,,,,,,,,,,
240,zynga.com,73,86,,,,,,,TRUE,,,,,,
241,z5x.net,76,84,,,,,,,,,,,,,
242,hatena.ne.jp,69,79,,,,,,,TRUE,,,,,,
243,google.ch,95,94,,,,,,,,,,,,,
244,vnexpress.net,65,75,1.4.2 true,,,,,TRUE,TRUE,,,,,,
245,xinhuanet.com,58,80,$Rev:%20509%20$ true,,,,,TRUE,,,,,,,
246,leo.org,74,81,,,,,,,,,,,,,
247,tnaflix.com,58,78,1.3.2 true,,,,,TRUE,TRUE,,,,,,
248,kooora.com,76,81,,,,,,,TRUE,,,,,,
249,chase.com,67,73,,,,,,,,,,,,,
250,spankwire.com,58,85,1.3.2 true,,,,,,TRUE,,,,,,
251,alipay.com,86,81,,,,,,,,,,,,,
252,google.ro,94,94,,,,,,,,,,,,,
253,reuters.com,54,64,,,TRUE,,,,,,,,,,
254,avg.com,60,71,1.4.1 true,,,,,,,,,,,,
255,skype.com,72,77,,,TRUE,,,TRUE,TRUE,,,,,,
256,gamespot.com,84,82,,,,TRUE,,,,,,,,,
257,liveinternet.ru,,90,,,,,,,,,,,,,
258,ucoz.ru,79,87,1.3.2 true,,,,,,,,,,,,
259,infoseek.co.jp,53,72,1.2.6 true,,,,,,,,,,,,
260,ign.com,60,77,,,,,,,TRUE,,,,,,
261,mozilla.org,72,84,1.3.2 true,,,,,,,,,,,,
262,marca.com,56,79,,,,,,,,,,,,,
263,nba.com,53,69,,TRUE,,,,,,,,,,,
264,ig.com.br,72,88,,,,,,,TRUE,,,,,,
265,seznam.cz,73,82,,,,,,,,,,,,,
266,youdao.com,93,90,,,,,,,,,,,,,
267,opendns.com,70,78,1.4.2 true,,,TRUE,,,TRUE,,,,,,
268,geocities.jp,,82,,,,,,,,,,,,,
269,yelp.com,68,84,,TRUE,,,,,TRUE,,,,,,
270,google.pt,96,94,,,,,,,,,,,,,
271,clickbank.com,65,74,1.3.2 true,,,,,,,,,,,,
272,telegraph.co.uk,55,70,1.3.2 true,,,,,,TRUE,,,,,,
273,google.com.pe,96,94,,,,,,,,,,,,,
274,formspring.me,70,82,,TRUE,,,TRUE,,TRUE,,,,,,
275,walmart.com,65,78,,,TRUE,,,TRUE,,,,,,,
276,51.la,77,85,,,,,,,,,,,,,
277,reddit.com,,81,1.3.1 true,,,,,,TRUE,,,,,,
278,wsj.com,63,84,,TRUE,,,TRUE,TRUE,,TRUE,,,,,
279,megaporn.com,87,85,,,,,,,,,,,,,
280,studiverzeichnis.com,,76,,,,,,,,,,,,,
281,multiply.com,,88,,,,,,,TRUE,,,,,,
282,brothersoft.com,60,72,,,,,,,TRUE,,,,,,
283,hardsextube.com,57,81,1.2.2 true,,,,,,TRUE,,,,,,
284,hyves.nl,81,84,,TRUE,,,TRUE,,,,,,,,
285,justin.tv,56,77,,TRUE,,,,TRUE,TRUE,,,,,,
286,google.com.ua,94,94,,,,,,,,,,,,,
287,constantcontact.com,53,72,1.3.2,,,,,,,,,,,,
288,kaskus.us,73,86,,TRUE,TRUE,,,TRUE,TRUE,,,,,,
289,google.cl,96,94,,,,,,,,,,,,,
290,usps.com,67,78,,,,,,,,,,,,,
291,mashable.com,,,1.4.2,,,,,,,,,,,,
292,sakura.ne.jp,63,74,,TRUE,,,,,,,,,,,
293,mafiawars.com,70,81,1.3.2,,,,,,,,,,,,
294,mapquest.com,67,83,,,,,,,,,,,,,
295,thefreedictionary.com,77,87,,,,,,,,,,,,,
296,rutracker.org,,83,,,,,,,,,,,,,
297,repubblica.it,62,79,,,,,,,,,,,,,
298,ups.com,,91,,,,,,,,,,,,,
299,in.com,69,84,1.2.6,,,,,,,,,,,,
300,mop.com,59,77,1.2.6,,,,,,,,,,,,
301,ebay.it,73,81,1.2.6,,,,,,,,,,,,
302,softonic.com,66,78,1.2.6,,,,,,,,,,,,
303,cj.com,75,77,1.3.2,,,,,,,,,,,,
304,onemanga.com,71,86,1.3.2,,,,,,,,,,,,
305,tripadvisor.com,82,77,,,,,,,,,,,,,
306,seesaa.net,,71,,,,,,,,,,,,,
307,51job.com,65,83,1.3.2,,,,,,,,,,,,
308,58.com,,86,,,,,,,TRUE,,,,,,
309,people.com.cn,56,73,,,,,,,,,,,,,
310,google.com.tw,95,93,,,,,,,,,,,,,
311,icio.us,,90,,,,,,,,,,,,,
312,google.com.ph,94,94,,,,,,,,,,,,,
313,ynet.com,,78,,,,,,,,,,,,,
314,wordreference.com,95,91,,,,,,,,,,,,,
315,commentcamarche.net,66,78,,,,,,,,,,,,,
316,gizmodo.com,,80,1.3.2,,,,,,,,,,,,
317,yourfilehost.com,,89,,,,,,,,,,,,,
318,imagebam.com,73,79,,,,,,,,,,,,,
319,skyrock.com,67,83,,,,,,,,,,,,,
320,w3schools.com,77,85,,,,,,,,,,,,,
321,adultadworld.com,72,82,,,,,,,,,,,,,
322,techcrunch.com,,70,1.4.2,,,,,,,,,,,,
323,admagnet.net,75,82,,,,,,,,,,,,,
324,washingtonpost.com,48,66,1.3.2,,,,,,,,,,,,
325,farmville.com,69,80,1.3.2,,,,,,,,,,,,
326,t-online.de,50,72,1.4.2,,,,,,,,,,,,
327,engadget.com,57,76,1.3.2,,,,,,,,,,,,
328,uploading.com,,82,1.2.5,,,,,,,,,,,,
329,softpedia.com,,,,,,,,,,,,,,,
330,kakaku.com,,79,1.3.2,,,,,,,,,,,,
331,metroflog.com,76,88,,,,,,,,,,,,,
332,virgilio.it,59,78,1.4.2,,,,,,,,,,,,
333,streamate.com,80,88,,,,,,,,,,,,,
334,etsy.com,77,87,1.3.2,,,,,,,,,,,,
335,rr.com,54,72,1.4.2,,,,,,,,,,,,
336,joomla.org,72,83,,,,,,,,,,,,,
337,daum.net,80,86,,,,,,,,,,,,,
338,slideshare.net,73,90,1.3.2,,,,,,,,,,,,
339,plentyoffish.com,70,83,,,,,,,,,,,,,
340,babylon.com,,92,,,,,,,,,,,,,
341,verycd.com,68,82,,,,,,,,,,,,,
342,imgur.com,,84,1.3.2,,,,,,,,,,,,
343,tom.com,56,84,,,,,,,,,,,,,
344,1133.cc,,75,,,,,,,,,,,,,
345,4399.com,58,79,,,,,,,,,,,,,
346,zing.vn,55,78,1.2.3,,,,,,,,,,,,
347,megaclick.com,69,82,1.4.2,,,,,,,,,,,,
348,empflix.com,56,78,,,,,,,,,,,,,
349,salesforce.com,62,76,1.2.6,,,,,,,,,,,,
350,yesky.com,51,74,,,,,,,,,,,,,
351,ziddu.com,62,81,,,,,,,,,,,,,
352,theplanet.com,58,72,1.4.1,,,,,,,,,,,,
353,last.fm,59,78,,,,,,,,,,,,,
354,eastmoney.com,,85,,,,,,,,,,,,,
355,target.com,69,87,1.3.2,,,,,,,,,,,,
356,tribalfusion.com,91,92,,,,,,,,,,,,,
357,dmm.co.jp,78,88,,,,,,,,,,,,,
358,bestbuy.com,65,72,1.3.2,,,,,,,,,,,,
359,alimama.com,75,81,,,,,,,,,,,,,
360,ganji.com,,90,1.3.2,,,,,,,,,,,,
361,webs.com,64,81,1.3.2,,,,,,,,,,,,
362,hurriyet.com.tr,57,74,1.4.1,,,,,,,,,,,,
363,expedia.com,59,69,,,,,,,,,,,,,
364,fbcdn.net,,86,,,,,,,,,,,,,
365,over-blog.com,64,74,,,,,,,,,,,,,
366,fastclick.com,,78,,,,,,,,,,,,,
367,homeway.com.cn,,81,,,,,,,,,,,,,
368,letitbit.net,74,77,1.4.2,,,,,,,,,,,,
369,pornhublive.com,,88,,,,,,,,,,,,,
370,uimserv.net,,,,,,,,,,,,,,,
371,fotolog.net,,74,,,,,,,,,,,,,
372,google.dk,92,94,,,,,,,,,,,,,
373,google.co.hu,,91,,,,,,,,,,,,,
374,pandora.com,62,79,1.1.2,,,,,,,,,,,,
375,verizon.net,,72,,,,,,,,,,,,,
376,ikea.com,88,89,,,,,,,,,,,,,
377,att.com,65,76,,,,,,,,,,,,,
378,tweetphoto.com,,,,,,,,,,,,,,,
379,zimbio.com,79,85,,,,,,,,,,,,,
380,mihanblog.com,68,72,,,,,,,,,,,,,
381,paipai.com,86,89,,,,,,,,,,,,,
382,btjunkie.org,,76,,,,,,,,,,,,,
383,ocn.ne.jp,61,79,1.3.2,,,,,,,,,,,,
384,hostgator.com,65,76,,,,,,,,,,,,,
385,articlesbase.com,76,90,1.3.2,,,,,,,,,,,,
386,comcast.com,63,69,,,,,,,,,,,,,
387,google.ae,94,94,,,,,,,,,,,,,
388,360buy.com,61,85,1.2.6,,,,,,,,,,,,
389,google.ie,94,94,,,,,,,,,,,,,
390,xe.com,75,85,,,,,,,,,,,,,
391,livescore.com,76,85,,,,,,,,,,,,,
392,veoh.com,68,84,,,,,,,,,,,,,
393,friendster.com,69,86,,,,,,,,,,,,,
394,boston.com,57,68,1.3.2,,,,,,,,,,,,
395,tweetmeme.com,,78,,,,,,,,,,,,,
396,love21cn.com,,76,,,,,,,,,,,,,
397,msn.ca,,87,,,,,,,,,,,,,
398,newegg.com,65,78,,,,,,,,,,,,,
399,marketgid.com,57,84,,,,,,,,,,,,,
400,corriere.it,59,74,1.3.2,,,,,,,,,,,,
401,miniclip.com,64,80,,,,,,,,,,,,,
402,fox.com,61,75,1.3.2,,,,,,,,,,,,
403,1stcngame.com,,,,,,,,,,,,,,,
404,latimes.com,48,63,1.3.2 1.4.2,,,,,,,,,,,,
405,2345.com,86,87,,,,,,,,,,,,,
406,meinvz.net,80,77,1.3.2,,,,,,,,,,,,
407,wer-kennt-wen.de,84,83,1.3.2,,,,,,,,,,,,
408,google.fi,92,94,,,,,,,,,,,,,
409,exblog.jp,57,70,1.2.6,,,,,,,,,,,,
410,booking.com,79,88,1.4.1,,,,,,,,,,,,
411,tuenti.com,,95,,,,,,,,,,,,,
412,ebay.com.au,85,85,,,,,,,,,,,,,
413,mercadolivre.com.br,87,90,,,,,,,,,,,,,
414,advmaker.ru,,86,,,,,,,,,,,,,
415,fedex.com,80,75,,,,,,,,,,,,,
416,google.com.sg,94,94,,,,,,,,,,,,,
417,autohome.com.cn,64,81,,,,,,,,,,,,,
418,usatoday.com,62,68,1.3.2,,,,,,,,,,,,
419,thesun.co.uk,53,69,1.3.2,,,,,,,,,,,,
420,radikal.ru,,81,1.3.1,,,,,,,,,,,,
421,china.com,100,95,,,,,,,,,,,,,
422,nih.gov,66,71,,,,,,,,,,,,,
423,harrenmedianetwork.com,76,77,,,,,,,,,,,,,
424,chip.de,66,80,,,,,,,,,,,,,
425,livedoor.biz,85,80,,,,,,,,,,,,,
426,gazeta.pl,70,84,1.3.2,,,,,,,,,,,,
427,sitesell.com,65,77,,,,,,,,,,,,,
428,foxsports.com,60,73,1.3,,,,,,,,,,,,
429,ebay.fr,84,87,,,,,,,,,,,,,
430,goal.com,62,79,1.2.6,,,,,,,,,,,,
431,elmundo.es,59,78,,,,,,,,,,,,,
432,informharry.com,,85,,,,,,,,,,,,,
433,zshare.net,77,80,,,,,,,,,,,,,
434,php.net,79,75,,,,,,,,,,,,,
435,youjizzlive.com,,87,,,,,,,,,,,,,
436,tmz.com,,,,,,,,,,,,,,,
437,altervista.org,60,78,,,,,,,,,,,,,
438,bigpoint.com,58,77,,,,,,,,,,,,,
439,pogo.com,54,79,,,,,,,,,,,,,
440,shufuni.com,50,71,1.3.2,,,,,,,,,,,,
441,timesonline.co.uk,,,,,,,,,,,,,,,
442,drudgereport.com,64,82,1.4.2,,,,,,,,,,,,
443,google.co.il,94,94,,,,,,,,,,,,,
444,slutload.com,64,89,,,,,,,,,,,,,
445,milliyet.com.tr,47,73,1.2.6,,,,,,,,,,,,
446,w3.org,85,87,1.4.2,,,,,,,,,,,,
447,cocolog-nifty.com,56,71,1.3.2,,,,,,,,,,,,
448,4tube.com,,,1.3.1,,,,,,,,,,,,
449,match.com,57,75,1.2.6,,,,,,,,,,,,
450,tradedoubler.com,61,73,1.2.6,,,,,,,,,,,,
451,ibm.com,69,79,1.3.2,,,,,,,,,,,,
452,naukri.com,71,80,,,,,,,,,,,,,
453,wellsfargo.com,78,86,,,,,,,,,,,,,
454,ustream.tv,67,80,1.3.2,,,,,,,,,,,,
455,google.no,92,94,,,,,,,,,,,,,
456,detik.com,67,69,1.3.2,,,,,,,,,,,,
457,jugem.jp,,79,,,,,,,,,,,,,
458,people.com,56,73,1.3.2,,,,,,,,,,,,
459,cam4.com,58,74,1.3.2,,,,,,,,,,,,
460,careerbuilder.com,61,71,1.4,,,,,,,,,,,,
461,break.com,56,72,1.3.2,,,,,,,,,,,,
462,blackhatworld.com,63,75,,,,,,,,,,,,,
463,myegy.com,,81,,,,,,,,,,,,,
464,hudong.com,66,73,1.3.2,,,,,,,,,,,,
465,dantri.com.vn,,81,1.2.6,,,,,,,,,,,,
466,excite.co.jp,68,79,,,,,,,,,,,,,
467,mobile.de,67,85,,,,,,,,,,,,,
468,beemp3.com,,87,,,,,,,,,,,,,
469,ya.ru,,89,,,,,,,,,,,,,
470,atwiki.jp,,83,,,,,,,,,,,,,
471,traidnt.net,76,88,,,,,,,,,,,,,
472,mediaplex.com,74,82,,,,,,,,,,,,,
473,ggpht.com,,,,,,,,,,,,,,,
474,qidian.com,56,81,,,,,,,,,,,,,
475,fotolia.com,74,74,,,,,,,,,,,,,
476,stackoverflow.com,,91,1.3.2,,,,,,,,,,,,
477,pchome.net,64,86,,,,,,,,,,,,,
478,warez-bb.org,,82,,,,,,,,,,,,,
479,surveymonkey.com,66,84,1.3.2,,,,,,,,,,,,
480,interia.pl,64,85,,,,,,,,,,,,,
481,icq.com,66,82,,,,,,,,,,,,,
482,rbc.ru,62,71,,,,,,,,,,,,,
483,news.com.au,51,74,1.3.1,,,,,,,,,,,,
484,mynet.com,57,82,1.1.2,,,,,,,,,,,,
485,irctc.co.in,71,72,,,,,,,,,,,,,
486,lenta.ru,73,77,,,,,,,,,,,,,
487,informer.com,86,88,,,,,,,,,,,,,
488,ppstream.com,76,89,,,,,,,,,,,,,
489,feedburner.com,,90,,,,,,,,,,,,,
490,verizonwireless.com,,63,1.3.2,,,,,,,,,,,,
491,anonym.to,,85,,,,,,,,,,,,,
492,freelancer.com,73,86,1.4.2,,,,,,,,,,,,
493,odesk.com,66,72,1.3.1,,,,,,,,,,,,
494,seriesyonkis.com,57,81,1.4.2,,,,,,,,,,,,
495,linkwithin.com,90,89,,,,,,,,,,,,,
496,so-net.ne.jp,65,77,1.3.2,,,,,,,,,,,,
497,time.com,53,70,1.2.3,,,,,,,,,,,,
498,warriorforum.com,81,80,,,,,,,,,,,,,
499,intuit.com,56,74,1.3.2,,,,,,,,,,,,
500,xtube.com,84,92,,,,,,,,,,,,,
501,chinanews.com.cn,61,76,1.3.2,,,,,,,,,,,,
502,google.com.ng,94,94,,,,,,,,,,,,,
503,way2sms.com,88,88,,,,,,,,,,,,,
504,getpersonas.com,85,95,1.3.2,,,,,,,,,,,,
505,basecamphq.com,,77,,,,,,,,,,,,,
506,bloomberg.com,,,,,,,,,,,,,,,
507,docstoc.com,66,78,,,,,,,,,,,,,
508,it168.com,52,81,1.2.3 1.3.2,,,,,,,,,,,,
509,examiner.com,,,,,,,,,,,,,,,
510,elpais.com,,71,1.2.6,,,,,,,,,,,,
511,tripod.com,,77,,,,,,,,,,,,,
512,irs.gov,66,78,1.2.6,,,,,,,,,,,,
513,demonoid.com,64,77,,,,,,,,,,,,,
514,abcnews.go.com,,71,1.2.6,,,,,,,,,,,,
515,indeed.com,91,92,,,,,,,,,,,,,
516,chinamobile.com,66,77,,,,,,,,,,,,,
517,elance.com,71,86,,,,,,,,,,,,,
518,immobilienscout24.de,67,76,,,,,,,,,,,,,
519,freakshare.net,75,75,1.2.6,,,,,,,,,,,,
520,brazzers.com,86,91,1.2.3 true,,,,,,,,,,,,
521,movies-links.tv,74,84,,,,,,,,,,,,,
522,oneindia.in,70,81,,,,,,,,,,,,,
523,neobux.com,77,84,1.3.2,,,,,,,,,,,,
524,forbes.com,,60,1.3.2,,,,,,,,,,,,
525,disney.go.com,,81,,,,,,,,,,,,,
526,softlayer.com,68,75,1.4.2,,,,,,,,,,,,
527,gc.ca,80,84,,,,,,,,,,,,,
528,cbssports.com,55,74,,,,,,,,,,,,,
529,dtiblog.com,71,80,,,,,,,,,,,,,
530,mpnrs.com,97,92,,,,,,,,,,,,,
531,monster.com,53,74,1.3.2,,,,,,,,,,,,
532,musica.com,73,93,,,,,,,,,,,,,
533,gutefrage.net,51,67,,,,,,,,,,,,,
534,drupal.org,,86,1.2.6,,,,,,,,,,,,
535,wunderground.com,65,86,,,,,,,,,,,,,
536,mercadolibre.com.mx,84,89,,,,,,,,,,,,,
537,americanexpress.com,77,81,,,,,,,,,,,,,
538,dangdang.com,67,82,,,,,,,,,,,,,
539,alice.it,,73,1.3.2,,,,,,,,,,,,
540,associatedcontent.com,84,78,1.4.2,,,,,,,,,,,,
541,sfr.fr,66,77,1.4.2,,,,,,,,,,,,
542,jeuxvideo.com,,87,1.3.2,,,,,,,,,,,,
543,joy.cn,63,82,1.3.2,,,,,,,,,,,,
544,businessweek.com,59,78,1.3.2,,,,,,,,,,,,
545,kioskea.net,,82,,,,,,,,,,,,,
546,downtr.net,73,84,,,,,,,,,,,,,
547,eyny.com,98,96,,,,,,,,,,,,,
548,as.com,59,75,1.2.2,,,,,,,,,,,,
549,meetup.com,69,79,,,,,,,,,,,,,
550,linternaute.com,54,67,1.2.6,,,,,,,,,,,,
551,icbc.com.cn,54,75,,,,,,,,,,,,,
552,focus.cn,,87,,,,,,,,,,,,,
553,nextag.com,,77,,,,,,,,,,,,,
554,cctv.com,,96,,,,,,,,,,,,,
555,ibibo.com,,93,,,,,,,,,,,,,
556,360.cn,78,81,,,,,,,,,,,,,
557,nhl.com,63,73,1.2.6 1.3.2,,,,,,,,,,,,
558,besttubeclips.com,77,93,,,,,,,,,,,,,
559,nokia.com,74,80,,,,,,,,,,,,,
560,adult-empire.com,,,,,,,,,,,,,,,
561,dmoz.org,90,90,,,,,,,,,,,,,
562,sapo.pt,58,84,,,,,,,,,,,,,
563,freeones.com,76,86,,,,,,,,,,,,,
564,zhaopin.com,65,79,,,,,,,,,,,,,
565,pornhost.com,,87,,,,,,,,,,,,,
566,sendspace.com,74,81,,,,,,,,,,,,,
567,nu.nl,66,74,1.3.2,,,,,,,,,,,,
568,duowan.com,60,81,1.4.2,,,,,,,,,,,,
569,ineedfile.com,,82,,,,,,,,,,,,,
570,pptv.com,,86,,,,,,,,,,,,,
571,trafficholder.com,,75,1.3.1,,,,,,,,,,,,
572,getiton.com,77,88,1.3.2,,,,,,,,,,,,
573,webmasterworld.com,,96,,,,,,,,,,,,,
574,bluehost.com,73,78,,,,,,,,,,,,,
575,yimg.com,,,,,,,,,,,,,,,
576,1und1.de,74,87,,,,,,,,,,,,,
577,lequipe.fr,59,81,1.3.2,,,,,,,,,,,,
578,ebuddy.com,56,78,1.4.2,,,,,,,,,,,,
579,ow.ly,,86,1.3.2,,,,,,,,,,,,
580,whitepages.com,59,72,1.2.6,,,,,,,,,,,,
581,gamefaqs.com,,78,,,,,,,,,,,,,
582,abril.com.br,,72,,,,,,,,,,,,,
583,freshwap.net,68,80,,,,,,,,,,,,,
584,sanook.com,,84,1.4.1,,,,,,,,,,,,
585,perezhilton.com,,74,1.3.2,,,,,,,,,,,,
586,lzjl.com,,85,,,,,,,,,,,,,
587,chinaih.com,,78,,,,,,,,,,,,,
588,custhelp.com,,70,,,,,,,,,,,,,
589,cloob.com,,72,,,,,,,,,,,,,
590,admin5.com,73,77,,,,,,,,,,,,,
591,symantec.com,54,71,1.4.2,,,,,,,,,,,,
592,m-w.com,,74,,,,,,,,,,,,,
593,weather.com.cn,,80,1.3.2,,,,,,,,,,,,
594,marktplaats.nl,67,78,,,,,,,,,,,,,
595,asg.to,,77,,,,,,,,,,,,,
596,capitalone.com,69,73,1.3.2,,,,,,,,,,,,
597,homedepot.com,63,66,,,,,,,,,,,,,
598,marketwatch.com,,,,,,,,,,,,,,,
599,metrolyrics.com,73,80,1.4.2,,,,,,,,,,,,
600,multiupload.com,74,80,,,,,,,,,,,,,
601,downarchive.com,,84,,,,,,,,,,,,,
602,incredimail.com,68,80,,,,,,,,,,,,,
603,posterous.com,,86,,,,,,,,,,,,,
604,freelotto.com,,,,,,,,,,,,,,,
605,onlinedown.net,73,79,,,,,,,,,,,,,
606,hdfcbank.com,,84,,,,,,,,,,,,,
607,ninemsn.com.au,,76,1.2.6,,,,,,,,,,,,
608,nydailynews.com,,,,,,,,,,,,,,,
609,heise.de,59,75,1.4.1,,,,,,,,,,,,
610,suite101.com,64,78,,,,,,,,,,,,,
611,uploaded.to,,,,,,,,,,,,,,,
612,vente-privee.com,83,81,,,,,,,,,,,,,
613,ndtv.com,53,74,1.3.2 1.4.2,,,,,,,,,,,,
614,dyndns.org,,87,,,,,,,,,,,,,
615,kijiji.ca,77,74,1.2.6,,,,,,,,,,,,
616,icicibank.com,64,71,,,,,,,,,,,,,
617,exbii.com,,72,,,,,,,,,,,,,
618,advertserve.com,72,85,,,,,,,,,,,,,
619,17173.com,62,81,,,,,,,,,,,,,
620,iminent.com,,,1.3.2,,,,,,,,,,,,
621,sfgate.com,,71,,,,,,,,,,,,,
622,sitemeter.com,,76,,,,,,,,,,,,,
623,who.is,91,94,1.2.6,,,,,,,,,,,,
624,amazon.cn,71,77,,,,,,,,,,,,,
625,iciba.com,,81,,,,,,,,,,,,,
626,linksynergy.com,,,,,,,,,,,,,,,
627,shareasale.com,,85,,,,,,,,,,,,,
628,overstock.com,70,75,1.3.2,,,,,,,,,,,,
629,iwiw.hu,,84,,,,,,,,,,,,,
630,schuelervz.net,,77,1.3.2,,,,,,,,,,,,
631,gazzetta.it,,77,1.3.2,,,,,,,,,,,,
632,welt.de,55,75,1.3.2,,,,,,,,,,,,
633,friendfeed.com,,89,1.3.2,,,,,,,,,,,,
634,ca.gov,64,73,,,,,,,,,,,,,
635,mtv.com,59,74,1.3.2,,,,,,,,,,,,
636,opera.com,64,75,,,,,,,,,,,,,
637,r10.net,,88,,,,,,,,,,,,,
638,sulekha.com,61,79,,,,,,,,,,,,,
639,samsung.com,63,71,1.3.2,,,,,,,,,,,,
640,game2.com.cn,57,73,1.2.6,,,,,,,,,,,,
641,accuweather.com,,,1.4,,,,,,,,,,,,
642,shutterstock.com,69,69,,,,,,,,,,,,,
643,sahibinden.com,,84,1.3.2,,,,,,,,,,,,
644,mdinfo.com,64,80,1.4.2,,,,,,,,,,,,
645,wikihow.com,83,85,1.4.1,,,,,,,,,,,,
646,deviantclip.com,51,77,1.2.6,,,,,,,,,,,,
647,game2.cn,59,72,1.2.6,,,,,,,,,,,,
648,dreamstime.com,76,81,,,,,,,,,,,,,
649,sun.com,,72,,,,,,,,,,,,,
650,allocine.fr,,77,1.3.2,,,,,,,,,,,,
651,mediaset.it,,78,,,,,,,,,,,,,
652,nasa.gov,59,76,1.4.2,,,,,,,,,,,,
653,rtl.de,58,73,1.3.2,,,,,,,,,,,,
654,urbandictionary.com,73,85,,,,,,,,,,,,,
655,google.cz,92,94,,,,,,,,,,,,,
656,clarin.com,51,74,,,,,,,,,,,,,
657,kicker.de,58,71,,,,,,,,,,,,,
658,earthlink.net,72,78,,,,,,,,,,,,,
659,5d6d.com,,88,,,,,,,,,,,,,
660,xici.net,,88,,,,,,,,,,,,,
661,alisoft.com,68,67,,,,,,,,,,,,,
662,worldstarhiphop.com,62,85,,,,,,,,,,,,,
663,yomiuri.co.jp,57,72,1.2.6,,,,,,,,,,,,
664,39.net,,75,,,,,,,,,,,,,
665,smashingmagazine.com,,,,,,,,,,,,,,,
666,rakuten.ne.jp,,96,,,,,,,,,,,,,
667,ultimate-guitar.com,,79,1.3.2,,,,,,,,,,,,
668,kompas.com,,80,1.3.2,,,,,,,,,,,,
669,google.co.nz,94,94,,,,,,,,,,,,,
670,moneycontrol.com,54,74,1.2.6,,,,,,,,,,,,
671,priceminister.com,59,83,1.3.2,,,,,,,,,,,,
672,ip138.com,,91,,,,,,,,,,,,,
673,sueddeutsche.de,52,76,1.3.2,,,,,,,,,,,,
674,sky.com,62,82,1.3.2,,,,,,,,,,,,
675,4chan.org,,,,,,,,,,,,,,,
676,gsmarena.com,,83,,,,,,,,,,,,,
677,yandex.ua,,88,1.3.2,,,,,,,,,,,,
678,ero-advertising.com,,72,,,,,,,,,,,,,
679,pcworld.com,61,75,1.3.2,,,,,,,,,,,,
680,travelocity.com,,81,1.3.2,,,,,,,,,,,,
681,webmd.com,65,79,1.3.2,,,,,,,,,,,,
682,apserver.net,,87,,,,,,,,,,,,,
683,aftonbladet.se,,81,,,,,,,,,,,,,
684,realitykings.com,,87,1.2.6 1.3.1,,,,,,,,,,,,
685,sweetim.com,,85,,,,,,,,,,,,,
686,nate.com,64,81,,,,,,,,,,,,,
687,google.co.ma,94,94,,,,,,,,,,,,,
688,pantip.com,,84,,,,,,,,,,,,,
689,webshots.com,53,67,1.4.2,,,,,,,,,,,,
690,ovh.net,76,87,,,,,,,,,,,,,
691,hc360.com,,,,,,,,,,,,,,,
692,wareseeker.com,,85,1.2.2,,,,,,,,,,,,
693,filehippo.com,80,85,,,,,,,,,,,,,
694,mercadolibre.com.ar,82,89,,,,,,,,,,,,,
695,cookpad.com,,74,,,,,,,,,,,,,
696,sonico.com,,88,,,,,,,,,,,,,
697,tinyurl.com,,84,,,,,,,,,,,,,
698,shopping.com,76,80,1.3.2,,,,,,,,,,,,
699,java.com,79,80,,,,,,,,,,,,,
700,huanqiu.com,57,77,,,,,,,,,,,,,
701,compete.com,64,69,1.3.1,,,,,,,,,,,,
702,google.sk,92,94,,,,,,,,,,,,,
703,aufeminin.com,,78,,,,,,,,,,,,,
704,meebo.com,72,82,,,,,,,,,,,,,
705,ekolay.net,,69,,,,,,,,,,,,,
706,bebo.com,67,79,,,,,,,,,,,,,
707,orbitz.com,62,66,,,,,,,,,,,,,
708,smowtion.com,,82,1.2.6,,,,,,,,,,,,
709,themeforest.net,,86,1.4,,,,,,,,,,,,
710,priceline.com,,66,,,,,,,,,,,,,
711,naqigs.com,,83,,,,,,,,,,,,,
712,ticketmaster.com,53,67,,,,,,,,,,,,,
713,rian.ru,58,75,,,,,,,,,,,,,
714,sanspo.com,,65,1.2.6,,,,,,,,,,,,
715,qip.ru,73,78,,,,,,,,,,,,,
716,enet.com.cn,57,73,1.3.2,,,,,,,,,,,,
717,blackberry.com,67,75,,,,,,,,,,,,,
718,sape.ru,,85,1.2.6,,,,,,,,,,,,
719,y8.com,69,81,1.4.2,,,,,,,,,,,,
720,mp3raid.com,80,90,,,,,,,,,,,,,
721,zanox-affiliate.de,,74,,,,,,,,,,,,,
722,stc.com.sa,,82,1.2.6,,,,,,,,,,,,
723,me.com,77,87,,,,,,,,,,,,,
724,realtor.com,63,83,,,,,,,,,,,,,
725,pcpop.com,,80,1.2.6,,,,,,,,,,,,
726,macys.com,69,72,,,,,,,,,,,,,
727,wired.com,59,74,,,,,,,,,,,,,
728,songs.pk,,69,,,,,,,,,,,,,
729,gametrailers.com,53,71,1.3.1,,,,,,,,,,,,
730,alot.com,75,89,,,,,,,,,,,,,
731,yousendit.com,60,66,,,,,,,,,,,,,
732,askmen.com,,85,1.3.2,,,,,,,,,,,,
733,foursquare.com,,,1.3.2,,,,,,,,,,,,
734,pagesjaunes.fr,,77,1.3.2,,,,,,,,,,,,
735,orf.at,,80,,,,,,,,,,,,,
736,xbox.com,60,73,1.3.2,,,,,,,,,,,,
737,vmn.net,,79,,,,,,,,,,,,,
738,woot.com,71,79,1.3.2,,,,,,,,,,,,
739,slickdeals.net,,73,1.4.1,,,,,,,,,,,,
740,flippa.com,,82,1.3.1,,,,,,,,,,,,
741,hootsuite.com,,83,1.4.2,,,,,,,,,,,,
742,buzznet.com,65,71,,,,,,,,,,,,,
743,1stwebgame.com,,,,,,,,,,,,,,,
744,debonairblog.com,93,91,,,,,,,,,,,,,
745,easy-share.com,84,91,,,,,,,,,,,,,
746,stern.de,,,,,,,,,,,,,,,
747,lifehacker.com,,80,1.3.2,,,,,,,,,,,,
748,tu.tv,,86,,,,,,,,,,,,,
749,smh.com.au,54,72,1.4.1,,,,,,,,,,,,
750,google.co.kr,84,90,,,,,,,,,,,,,
751,partypoker.it,63,71,1.3.2,,,,,,,,,,,,
752,southwest.com,66,65,1.3.2,,,,,,,,,,,,
753,pdfqueen.com,91,94,,,,,,,,,,,,,
754,tabelog.com,,81,1.3.2,,,,,,,,,,,,
755,teacup.com,58,68,1.3.2,,,,,,,,,,,,
756,glispa.com,93,93,,,,,,,,,,,,,
757,speedtest.net,77,92,1.3.2,,,,,,,,,,,,
758,nfl.com,65,73,,,,,,,,,,,,,
759,yam.com,,74,1.3.2,,,,,,,,,,,,
760,bahn.de,,85,1.2.6,,,,,,,,,,,,
761,cpalead.com,58,81,1.4,,,,,,,,,,,,
762,tv.com,67,78,1.4.2,,,,,,,,,,,,
763,pixiv.net,72,87,,,,,,,,,,,,,
764,google.com.kw,94,94,,,,,,,,,,,,,
765,yfrog.com,65,78,1.3.2,,,,,,,,,,,,
766,ovguide.com,55,81,1.2.6,,,,,,,,,,,,
767,hsbc.co.uk,,74,,,,,,,,,,,,,
768,bramjnet.com,74,83,,,,,,,,,,,,,
769,koubei.com,,,,,,,,,,,,,,,
770,mysql.com,,90,,,,,,,,,,,,,
771,howstuffworks.com,85,80,1.3.2,,,,,,,,,,,,
772,amung.us,100,98,,,,,,,,,,,,,
773,zedge.net,69,85,,,,,,,,,,,,,
774,bharatstudent.com,,,,,,,,,,,,,,,
775,timeanddate.com,89,92,,,,,,,,,,,,,
776,mcssl.com,,80,,,,,,,,,,,,,
777,weebly.com,71,82,,,,,,,,,,,,,
778,infolinks.com,72,83,,,,,,,,,,,,,
779,xcar.com.cn,56,80,,,,,,,,,,,,,
780,abc.go.com,,73,1.3.2,,,,,,,,,,,,
781,persianblog.ir,,78,,,,,,,,,,,,,
782,awempire.com,,91,,,,,,,,,,,,,
783,allabout.co.jp,,70,1.3.2,,,,,,,,,,,,
784,vnet.cn,60,80,,,,,,,,,,,,,
785,zaycev.net,,89,,,,,,,,,,,,,
786,hotlinkimage.com,,77,,,,,,,,,,,,,
787,filefactory.com,73,77,1.3.2,,,,,,,,,,,,
788,pornoxo.com,83,90,,,,,,,,,,,,,
789,lockerz.com,79,92,1.4.1,,,,,,,,,,,,
790,popeater.com,68,79,1.3.2,,,,,,,,,,,,
791,imvu.com,71,83,,,,,,,,,,,,,
792,google.com.ly,94,94,,,,,,,,,,,,,
793,pch.com,64,77,1.3.1,,,,,,,,,,,,
794,discuss.com.hk,53,71,,,,,,,,,,,,,
795,zillow.com,73,83,,,,,,,,,,,,,
796,eorezo.com,83,83,,,,,,,,,,,,,
797,focus.de,60,70,1.3.2,,,,,,,,,,,,
798,pixnet.net,66,84,1.4.2,,,,,,,,,,,,
799,allrecipes.com,,82,1.3.2,,,,,,,,,,,,
800,impress.co.jp,,79,,,,,,,,,,,,,
801,ubuntu.com,64,72,,,,,,,,,,,,,
802,mobile9.com,,,1.3.2,,,,,,,,,,,,
803,newgrounds.com,62,84,,,,,,,,,,,,,
804,kickasstorrents.com,75,77,1.3.2,,,,,,,,,,,,
805,kinopoisk.ru,60,73,1.3.2,,,,,,,,,,,,
806,hattrick.org,75,81,,,,,,,,,,,,,
807,blogcatalog.com,70,85,1.3.2,,,,,,,,,,,,
808,skysports.com,55,69,1.3.2,,,,,,,,,,,,
809,lemonde.fr,47,70,1.3.2,,,,,,,,,,,,
810,buyvip.com,77,83,,,,,,,,,,,,,
811,sify.com,64,78,1.3.2,,,,,,,,,,,,
812,payserve.com,85,89,,,,,,,,,,,,,
813,met-art.com,79,84,,,,,,,,,,,,,
814,fifa.com,68,82,1.3.2,,,,,,,,,,,,
815,panoramio.com,74,84,1.2.6,,,,,,,,,,,,
816,88db.com,,84,,,,,,,,,,,,,
817,novoteka.ru,,75,,,,,,,,,,,,,
818,markosweb.com,,92,1.3.2,,,,,,,,,,,,
819,playstation.com,55,80,1.3.2,,,,,,,,,,,,
820,evite.com,54,75,,,,,,,,,,,,,
821,fanpop.com,59,81,,,,,,,,,,,,,
822,dict.cc,76,87,,,,,,,,,,,,,
823,extratorrent.com,,74,,,,,,,,,,,,,
824,ikariam.com,,,,,,,,,,,,,,,
825,getresponse.com,69,81,1.4.2,,,,,,,,,,,,
826,google.com.ec,94,94,,,,,,,,,,,,,
827,dl4all.com,,66,,,,,,,,,,,,,
828,dianping.com,,87,,,,,,,,,,,,,
829,yaplog.jp,,69,1.3.2,,,,,,,,,,,,
830,zoosk.com,68,83,,,,,,,,,,,,,
831,templatemonster.com,66,73,1.3.2,,,,,,,,,,,,
832,google.bg,92,94,,,,,,,,,,,,,
833,wiktionary.org,81,85,,,,,,,,,,,,,
834,deezer.com,70,85,,,,,,,,,,,,,
835,buzzle.com,78,84,,,,,,,,,,,,,
836,gap.com,66,68,,,,,,,,,,,,,
837,mail.com,54,68,1.4.2,,,,,,,,,,,,
838,rottentomatoes.com,71,81,1.3.2,,,,,,,,,,,,
839,gamer.com.tw,,91,,,,,,,,,,,,,
840,nypost.com,53,67,1.4.1,,,,,,,,,,,,
841,networksolutions.com,71,73,1.3.2,,,,,,,,,,,,
842,auto.ru,,74,1.3.2,,,,,,,,,,,,
843,tabnak.ir,64,81,1.2.3,,,,,,,,,,,,
844,detiknews.com,68,73,1.3.2,,,,,,,,,,,,
845,sxc.hu,71,84,,,,,,,,,,,,,
846,verizon.com,51,97,1.3.2,,,,,,,,,,,,
847,google.lk,94,94,,,,,,,,,,,,,
848,gismeteo.ru,57,75,1.3.2,,,,,,,,,,,,
849,ctrip.com,,91,,,,,,,,,,,,,
850,kino.to,71,92,1.4,,,,,,,,,,,,
851,shinobi.jp,,80,,,,,,,,,,,,,
852,oyunlar1.com,75,84,,,,,,,,,,,,,
853,experts-exchange.com,63,79,,,,,,,,,,,,,
854,intel.com,67,78,1.2.3,,,,,,,,,,,,
855,sitepoint.com,68,75,1.4.2,,,,,,,,,,,,
856,ft.com,59,66,1.4.1,,,,,,,,,,,,
857,forumcommunity.net,79,89,1.3.2,,,,,,,,,,,,
858,21cn.com,57,87,1.2.3,,,,,,,,,,,,
859,sears.com,,84,,,,,,,,,,,,,
860,torrentreactor.net,,76,,,,,,,,,,,,,
861,gotomeeting.com,58,75,1.3.2,,,,,,,,,,,,
862,pornorama.com,70,86,,,,,,,,,,,,,
863,travian.ae,,92,,,,,,,,,,,,,
864,6.cn,,80,,,,,,,,,,,,,
865,demotywatory.pl,,71,1.3.2,,,,,,,,,,,,
866,univision.com,52,69,1.3.2,,,,,,,,,,,,
867,affili.net,58,74,1.4.2,,,,,,,,,,,,
868,wetter.com,54,74,1.3.2,,,,,,,,,,,,
869,kayak.com,71,75,1.4.2,,,,,,,,,,,,
870,seitwert.de,73,86,,,,,,,,,,,,,
871,tiscali.it,,75,1.4.2,,,,,,,,,,,,
872,monografias.com,59,69,1.3.2,,,,,,,,,,,,
873,aolnews.com,67,79,1.4.2,,,,,,,,,,,,
874,indianrail.gov.in,,83,,,,,,,,,,,,,
875,sponichi.co.jp,61,72,,,,,,,,,,,,,
876,cyworld.com,,80,,,,,,,,,,,,,
877,filespump.com,,79,,,,,,,,,,,,,
878,citibank.com,63,76,,,,,,,,,,,,,
879,usbank.com,,98,,,,,,,,,,,,,
880,amazon.fr,82,83,1.2.6,,,,,,,,,,,,
881,wachovia.com,81,89,,,,,,,,,,,,,
882,cnbc.com,48,69,,,,,,,,,,,,,
883,craigslist.ca,94,85,1.4.2,,,,,,,,,,,,
884,google.com.qa,94,94,,,,,,,,,,,,,
885,searchresultsdirect.com,,82,,,,,,,,,,,,,
886,topix.com,65,87,,,,,,,,,,,,,
887,gamezer.com,74,88,,,,,,,,,,,,,
888,telegraaf.nl,54,71,,,,,,,,,,,,,
889,gittigidiyor.com,70,82,1.2.6,,,,,,,,,,,,
890,komli.com,62,72,,,,,,,,,,,,,
891,pcauto.com.cn,69,82,1.3.2,,,,,,,,,,,,
892,barnesandnoble.com,55,66,1.2.5,,,,,,,,,,,,
893,70yx.com,72,86,,,,,,,,,,,,,
894,evony.com,58,66,,,,,,,,,,,,,
895,zappos.com,75,80,1.3.2,,,,,,,,,,,,
896,wikimapia.org,83,90,,,,,,,,,,,,,
897,adbrite.com,66,71,,,,,,,,,,,,,
898,ancestry.com,66,76,,,,,,,,,,,,,
899,dion.ne.jp,100,94,,,,,,,,,,,,,
900,wowhead.com,77,83,1.4.2,,,,,,,,,,,,
901,doctissimo.fr,59,77,,,,,,,,,,,,,
902,tutsplus.com,,77,1.2.6,,,,,,,,,,,,
903,the2009.cn,,,,,,,,,,,,,,,
904,autotrader.com,55,74,1.3.2,,,,,,,,,,,,
905,ebay.ca,88,86,,,,,,,,,,,,,
906,plala.or.jp,60,75,,,,,,,,,,,,,
907,retailmenot.com,73,83,1.4,,,,,,,,,,,,
908,liveperson.net,82,86,,,,,,,,,,,,,
909,yellowpages.com,82,89,1.4.2,,,,,,,,,,,,
910,ryanair.com,,78,1.3.2,,,,,,,,,,,,
911,overture.com,,87,,,,,,,,,,,,,
912,cmbchina.com,,71,,,,,,,,,,,,,
913,ytimg.com,,,,,,,,,,,,,,,
914,privalia.com,79,86,,,,,,,,,,,,,
915,8684.cn,,78,,,,,,,,,,,,,
916,discuz.net,77,73,,,,,,,,,,,,,
917,robtex.com,88,89,,,,,,,,,,,,,
918,fatakat.com,74,79,1.3.2,,,,,,,,,,,,
919,mtime.com,62,87,,,,,,,,,,,,,
920,laredoute.fr,,75,1.4.2,,,,,,,,,,,,
921,aljazeera.net,52,69,,,,,,,,,,,,,
922,cntv.cn,64,77,pre-1.2.4,,,,,,,,,,,,
923,7k7k.com,69,85,1.2,,,,,,,,,,,,
924,icontact.com,63,72,1.3.2,,,,,,,,,,,,
925,oricon.co.jp,60,72,1.2.3,,,,,,,,,,,,
926,proboards.com,74,88,1.4.2,,,,,,,,,,,,
927,novinky.cz,58,81,,,,,,,,,,,,,
928,nikkeibp.co.jp,,69,,,,,,,,,,,,,
929,bdr130.net,,83,,,,,,,,,,,,,
930,clickbank.net,,73,,,,,,,,,,,,,
931,technorati.com,,72,1.3.2,,,,,,,,,,,,
932,pixhost.org,,89,,,,,,,,,,,,,
933,bangbros1.com,,90,,,,,,,,,,,,,
934,backpage.com,91,85,,,,,,,,,,,,,
935,google.com.do,94,94,,,,,,,,,,,,,
936,att.net,,77,,,,,,,,,,,,,
937,01net.com,62,73,,,,,,,,,,,,,
938,collegehumor.com,58,80,1.3.2,,,,,,,,,,,,
939,gmodules.com,,90,,,,,,,,,,,,,
940,atdhe.net,,77,,,,,,,,,,,,,
941,fixya.com,60,77,,,,,,,,,,,,,
942,cbsnews.com,49,78,,,,,,,,,,,,,
943,pichunter.com,74,79,,,,,,,,,,,,,
944,pkr.com,60,73,1.2.5,,,,,,,,,,,,
945,appspot.com,,,,,,,,,,,,,,,
946,allyes.com,,86,,,,,,,,,,,,,
947,macrumors.com,55,71,,,,,,,,,,,,,
948,hangame.co.jp,66,79,,,,,,,,,,,,,
949,europa.eu,,72,,,,,,,,,,,,,
950,jalan.net,55,68,,,,,,,,,,,,,
951,yandex.net,,89,,,,,,,,,,,,,
952,gawker.com,,82,1.3.2,,,,,,,,,,,,
953,discovery.com,64,70,,,,,,,,,,,,,
954,zylom.com,,98,,,,,,,,,,,,,
955,grepolis.com,72,85,1.4.2,,,,,,,,,,,,
956,prlog.org,,89,,,,,,,,,,,,,
957,avast.com,59,76,1.3.2,,,,,,,,,,,,
958,bodybuilding.com,76,87,,,,,,,,,,,,,
959,fuq.com,71,89,,,,,,,,,,,,,
960,fishki.net,56,74,,,,,,,,,,,,,
961,jsoftj.com,58,68,1.3.2,,,,,,,,,,,,
962,nationalgeographic.com,61,72,1.3.2,,,,,,,,,,,,
963,wwe.com,56,73,,,,,,,,,,,,,
964,wowarmory.com,,,1.2.6,,,,,,,,,,,,
965,hotels.com,67,73,1.3.2,,,,,,,,,,,,
966,fling.com,,87,1.2.6 1.3.1,,,,,,,,,,,,
967,rapid4me.com,,91,,,,,,,,,,,,,
968,hinet.net,62,68,,,,,,,,,,,,,
969,lo.st,,86,,,,,,,,,,,,,
970,bitauto.com,66,83,,,,,,,,,,,,,
971,addictinggames.com,51,67,1.3.2,,,,,,,,,,,,
972,comdirect.de,66,78,1.3.2,,,,,,,,,,,,
973,shaadi.com,77,85,1.2.6,,,,,,,,,,,,
974,imagefap.com,74,78,,,,,,,,,,,,,
975,delta.com,75,72,,,,,,,,,,,,,
976,gnavi.co.jp,73,75,1.4.2,,,,,,,,,,,,
977,sabah.com.tr,48,74,1.3.2,,,,,,,,,,,,
978,uwants.com,53,70,,,,,,,,,,,,,
979,vg.no,55,76,1.4.1,,,,,,,,,,,,
980,google.hr,92,94,,,,,,,,,,,,,
981,xyxy.net,,,,,,,,,,,,,,,
982,cox.net,76,88,,,,,,,,,,,,,
983,jquery.com,,78,1.4.2,,,,,,,,,,,,
984,openv.com,54,69,1.3.2,,,,,,,,,,,,
985,rayfile.com,59,71,,,,,,,,,,,,,
986,t-mobile.com,61,71,1.3.2,,,,,,,,,,,,
987,betfair.com,66,75,,,,,,,,,,,,,
988,webgozar.com,73,82,,,,,,,,,,,,,
989,lenovo.com,59,73,,,,,,,,,,,,,
990,haberturk.com,59,82,1.4.1,,,,,,,,,,,,
991,ebay.es,,89,,,,,,,,,,,,,
992,klikbca.com,73,86,,,,,,,,,,,,,
993,sedoparking.com,,84,,,,,,,,,,,,,
994,postbank.de,66,77,,,,,,,,,,,,,
995,yoka.com,55,75,,,,,,,,,,,,,
996,premierleague.com,,,1.2.6,,,,,,,,,,,,
997,linezing.com,,80,,,,,,,,,,,,,
998,manager.co.th,52,73,,,,,,,,,,,,,
999,stayfriends.de,76,84,1.4.2,,,,,,,,,,,,
1000,lowes.com,66,72,1.3.1,,,,,,,,,,,,
1001,startimes2.com,81,78,,,,,,,,,,,,,
1002,rincondelvago.com,55,75,,,,,,,,,,,,,
1003,charter.net,63,78,1.3.2,,,,,,,,,,,,
1004,clickindia.com,74,81,,,,,,,,,,,,,
1005,travian.com.sa,91,88,,,,,,,,,,,,,
1006,histats.com,64,75,,,,,,,,,,,,,
1007,115.com,100,94,,,,,,,,,,,,,
1008,asahi.com,59,72,1.2.3,,,,,,,,,,,,
1009,cartoonnetwork.com,52,74,,,,,,,,,,,,,
1010,gumtree.com,78,86,1.3.2,,,,,,,,,,,,
1011,mydirtyhobby.com,58,81,,,,,,,,,,,,,
1012,costco.com,62,71,1.2.6,,,,,,,,,,,,
1013,17iw.com,,98,,,,,,,,,,,,,
1014,virginmedia.com,57,69,,,,,,,,,,,,,
1015,zaobao.com,,80,,,,,,,,,,,,,
1016,github.com,,81,1.4.2,,,,,,,,,,,,
1017,armorgames.com,,78,1.3.2,,,,,,,,,,,,
1018,skycn.com,,85,,,,,,,,,,,,,
1019,myyearbook.com,67,82,1.3.2,,,,,,,,,,,,
1020,google.az,96,98,,,,,,,,,,,,,
1021,cncnet.net,,,,,,,,,,,,,,,
1022,programme-tv.net,54,69,,,,,,,,,,,,,
1023,bizrate.com,73,82,,,,,,,,,,,,,
1024,flipchat.com,60,79,1.4.2,,,,,,,,,,,,
1025,hostmonster.com,70,79,,,,,,,,,,,,,
1026,pchome.com.tw,60,80,,,,,,,,,,,,,
1027,globe7.com,,88,,,,,,,,,,,,,
1028,blogsky.com,72,84,,,,,,,,,,,,,
1029,literotica.com,84,87,,,,,,,,,,,,,
1030,torrentdownloads.net,85,92,,,,,,,,,,,,,
1031,szn.cz,,81,,,,,,,,,,,,,
1032,sprint.com,62,73,1.3.2,,,,,,,,,,,,
1033,hoopchina.com,64,88,1.4,,,,,,,,,,,,
1034,orbitdownloader.com,67,74,1.3.2,,,,,,,,,,,,
1035,plusnetwork.com,83,95,1.4.2,,,,,,,,,,,,
1036,jcpenney.com,69,74,,,,,,,,,,,,,
1037,modelmayhem.com,68,80,1.3.1,,,,,,,,,,,,
1038,okwave.jp,,76,1.3.2,,,,,,,,,,,,
1039,rk.com,,87,1.3.1 true,,,,,,,,,,,,
1040,extremetube.com,63,83,1.3.2,,,,,,,,,,,,
1041,tagesschau.de,66,73,,,,,,,,,,,,,
1042,katz.cd,,78,,,,,,,,,,,,,
1043,nikkansports.com,65,74,1.2.1,,,,,,,,,,,,
1044,information.com,73,78,,,,,,,,,,,,,
1045,nowdownloadall.com,,83,,,,,,,,,,,,,
1046,ebay.in,83,84,,,,,,,,,,,,,
1047,masrawy.com,62,69,1.3.2,,,,,,,,,,,,
1048,reverso.net,74,77,,,,,,,,,,,,,
1049,eluniversal.com.mx,85,82,,,,,,,,,,,,,
1050,vox.com,57,74,,,,,,,,,,,,,
1051,vistaprint.com,95,87,,,,,,,,,,,,,
1052,wat.tv,63,86,,,,,,,,,,,,,
1053,made-in-china.com,78,88,1.3.2,,,,,,,,,,,,
1054,badongo.com,63,85,1.1.3.1,,,,,,,,,,,,
1055,ew.com,54,74,1.3.2,,,,,,,,,,,,
1056,blogbus.com,77,81,1.2.6,,,,,,,,,,,,
1057,usgs.gov,66,76,,,,,,,,,,,,,
1058,ynet.co.il,52,69,,,,,,,,,,,,,
1059,intelius.com,79,78,,,,,,,,,,,,,
1060,mthai.com,56,76,1.2.6,,,,,,,,,,,,
1061,babycenter.com,62,78,1.4,,,,,,,,,,,,
1062,te3p.com,59,70,,,,,,,,,,,,,
1063,foodnetwork.com,54,67,1.2.6,,,,,,,,,,,,
1064,pixmania.com,,92,,,,,,,,,,,,,
1065,poringa.net,64,81,1.4.2,,,,,,,,,,,,
1066,cisco.com,57,77,1.2.6,,,,,,,,,,,,
1067,namecheap.com,77,81,,,,,,,,,,,,,
1068,xiaoshuo520.com,,,,,,,,,,,,,,,
1069,blogcu.com,68,88,1.3.2,,,,,,,,,,,,
1070,19lou.com,73,79,1.3.2,,,,,,,,,,,,
1071,petardas.com,95,93,,,,,,,,,,,,,
1072,troktiko.blogspot.com,,,,,,,,,,,,,,,
1073,cracked.com,58,63,1.3.2,,,,,,,,,,,,
1074,nhk.or.jp,61,81,1.3.2,,,,,,,,,,,,
1075,docin.com,72,77,1.3.2,,,,,,,,,,,,
1076,jp-sex.com,,,,,,,,,,,,,,,
1077,myfreepaysite.com,77,84,,,,,,,,,,,,,
1078,jeddahbikers.com,70,86,,,,,,,,,,,,,
1079,carview.co.jp,57,72,1.4.2,,,,,,,,,,,,
1080,voila.fr,56,75,,,,,,,,,,,,,
1081,kongregate.com,77,80,,,,,,,,,,,,,
1082,6park.com,68,84,,,,,,,,,,,,,
1083,npr.org,53,69,1.3.2,,,,,,,,,,,,
1084,lacaixa.es,,87,,,,,,,,,,,,,
1085,autoscout24.de,65,82,1.3.2,,,,,,,,,,,,
1086,webazilla.com,76,80,,,,,,,,,,,,,
1087,sport1.de,55,66,,,,,,,,,,,,,
1088,9wee.com,59,76,1.2.6,,,,,,,,,,,,
1089,quantcast.com,79,77,1.3.2,,,,,,,,,,,,
1090,tigerdirect.com,75,79,,,,,,,,,,,,,
1091,zanox.com,71,75,,,,,,,,,,,,,
1092,midphase.com,,,,,,,,,,,,,,,
1093,jizzhut.com,53,80,1.3.2,,,,,,,,,,,,
1094,24h.com.vn,66,78,,,,,,,,,,,,,
1095,picktorrent.com,,93,,,,,,,,,,,,,
1096,tf1.fr,69,70,1.3.2,,,,,,,,,,,,
1097,en.wordpress.com,,90,1.4.2,,,,,,,,,,,,
1098,plurk.com,78,81,,,,,,,,,,,,,
1099,mail-archive.com,96,97,,,,,,,,,,,,,
1100,gather.com,,,,,,,,,,,,,,,
1101,runescape.com,,88,,,,,,,,,,,,,
1102,gazeta.ru,58,73,,,,,,,,,,,,,
1103,mcafee.com,,,,,,,,,,,,,,,
1104,1and1.com,,,,,,,,,,,,,,,
1105,picnik.com,82,84,,,,,,,,,,,,,
1106,quikr.com,71,80,,,,,,,,,,,,,
1107,buy.com,56,66,1.3.2,,,,,,,,,,,,
1108,independent.co.uk,,,,,,,,,,,,,,,
1109,kotaku.com,,81,1.3.2,,,,,,,,,,,,
1110,deutsche-bank.de,,,,,,,,,,,,,,,
1111,toolbarhome.com,61,82,1.3.2,,,,,,,,,,,,
1112,pornbb.org,71,79,,,,,,,,,,,,,
1113,mailchimp.com,,,,,,,,,,,,,,,
1114,myp2p.eu,75,76,,,,,,,,,,,,,
1115,api.ning.com,,85,,,,,,,,,,,,,
1116,yuvutu.com,,,,,,,,,,,,,,,
1117,fetion.com.cn,80,85,1.2.6,,,,,,,,,,,,
1118,hawaaworld.com,66,83,1.2.6,,,,,,,,,,,,
1119,mixx.com,72,73,1.4.1,,,,,,,,,,,,
1120,box.net,,,1.2.6,,,,,,,,,,,,
1121,unionbig.com,,,,,,,,,,,,,,,
1122,nwsource.com,57,,1.2.6,,,,,,,,,,,,
1123,angelfire.com,,82,,,,,,,,,,,,,
1124,sidereel.com,,71,1.4.1,,,,,,,,,,,,
1125,japanpost.jp,63,73,@VERSION,,,,,,,,,,,,
1126,sharingmatrix.com,63,76,1.4.2,,,,,,,,,,,,
1127,iplt20.com,68,77,1.4.1,,,,,,,,,,,,
1128,icicibank.co.in,,,,,,,,,,,,,,,
1129,classmates.com,45,62,1.2.1 true,,,,,TRUE,TRUE,,,,,,
1130,freedownloadscenter.com,66,79,,,,,,,,,,,,,
1131,viadeo.com,80,78,,,,,,,,,,,,,
1132,chinacars.com,,,,,,,,,,,,,,,
1133,detiksport.com,71,75,1.2.6,,,,,,,,,,,,
1134,juegos.com,76,87,1.3.2,,,,,,,,,,,,
1135,yallakora.com,66,77,1.3.2,,,,,,,,,,,,
1136,pole-emploi.fr,61,73,1.3.2,,,,,,,,,,,,
1137,20minutos.es,50,73,1.4.2,,,,,,,,,,,,
1138,stooorage.com,87,89,,,,,,,,,,,,,
1139,habrahabr.ru,,,,,,,,,,,,,,,
1140,m5zn.com,,79,1.4,,,,,,,,,,,,
1141,changyou.com,,,,,,,,,,,,,,,
1142,myway.com,85,88,,,,,,,,,,,,,
1143,farsnews.com,,,,,,,,,,,,,,,
1144,badjojo.com,73,80,,,,,,,,,,,,,
1145,nike.com,,,1.2.3,,,,,,,,,,,,
1146,china.com.cn,61,74,,,,,,,,,,,,,
1147,anjuke.com,82,87,,,,,,,,,,,,,
1148,freeonlinegames.com,60,72,,,,,,,,,,,,,
1149,rightmove.co.uk,81,88,1.3.2,,,,,,,,,,,,
1150,monsterindia.com,,86,,,,,,,,,,,,,
1151,zazzle.com,71,81,,,,,,,,,,,,,
1152,santabanta.com,80,86,,,,,,,,,,,,,
1153,monova.org,67,73,,,,,,,,,,,,,
1154,wrzuta.pl,63,76,,,,,,,,,,,,,
1155,chinahr.com,58,81,1.2.3,,,,,,,,,,,,
1156,365jz.info,,,,,,,,,,,,,,,
1157,nextmedia.com,87,89,,,,,,,,,,,,,
1158,downloadhelper.net,68,82,,,,,,,,,,,,,
1159,southparkstudios.com,,,,,,,,,,,,,,,
1160,sciencedirect.com,,68,,,,,,,,,,,,,
1161,abchina.com,,,,,,,,,,,,,,,
1162,uefa.com,,,,,,,,,,,,,,,
1163,eonline.com,,,,,,,,,,,,,,,
1164,bhphotovideo.com,,,,,,,,,,,,,,,
1165,topshareware.com,78,87,,,,,,,,,,,,,
1166,magentocommerce.com,,,,,,,,,,,,,,,
1167,apache.org,93,88,,,,,,,,,,,,,
1168,searchengines.ru,,,,,,,,,,,,,,,
1169,jrj.com.cn,60,79,,,,,,,,,,,,,
1170,wer-weiss-was.de,,,,,,,,,,,,,,,
1171,o2.pl,,,,,,,,,,,,,,,
1172,girlsgogames.com,68,81,1.3.1,,,,,,,,,,,,
1173,fanfiction.net,,,,,,,,,,,,,,,
1174,lauxanh.us,79,88,,,,,,,,,,,,,
1175,winamp.com,71,81,1.3.2,,,,,,,,,,,,
1176,victoriassecret.com,64,65,1.3.2,,,,,,,,,,,,
1177,bigfishgames.com,72,82,1.3.2,,,,,,,,,,,,
1178,weather.gov,,,,,,,,,,,,,,,
1179,avaxhome.ws,,,,,,,,,,,,,,,
1180,tiexue.net,71,88,,,,,,,,,,,,,
1181,rivals.com,,,,,,,,,,,,,,,
1182,onetad.com,71,76,,,,,,,,,,,,,
1183,submarino.com.br,,,,,,,,,,,,,,,
1184,dafont.com,,,,,,,,,,,,,,,
1185,jappy.de,76,84,,,,,,,,,,,,,
1186,springerlink.com,79,84,,,,,,,,,,,,,
1187,americanas.com.br,65,74,,,,,,,,,,,,,
1188,google.lt,92,94,,,,,,,,,,,,,
1189,1ting.com,,,,,,,,,,,,,,,
1190,wordtracker.com,,,,,,,,,,,,,,,
1191,myvideo.de,67,79,,,,,,,,,,,,,
1192,no-ip.com,74,83,,,,,,,,,,,,,
1193,king.com,67,84,1.4.1,,,,,,,,,,,,
1194,kp.ru,43,62,,,,,,,,,,,,,
1195,aebn.net,75,85,1.3.2,,,,,,,,,,,,
1196,360doc.com,,,,,,,,,,,,,,,
1197,aruba.it,,,,,,,,,,,,,,,
1198,subscene.com,,73,,,,,,,,,,,,,
1199,ea.com,67,75,1.2.6,,,,,,,,,,,,
1200,ngoisao.net,60,81,1.3.2,,,,,,,,,,,,
1201,news24.com,,,,,,,,,,,,,,,
1202,110mb.com,,,,,,,,,,,,,,,
1203,hornymatches.com,,,,,,,,,,,,,,,
1204,baixing.com,,,,,,,,,,,,,,,
1205,finn.no,,,,,,,,,,,,,,,
1206,usmagazine.com,,,,,,,,,,,,,,,
1207,vivanews.com,,,,,,,,,,,,,,,
1208,kugou.com,,,,,,,,,,,,,,,
1209,grooveshark.com,,,,,,,,,,,,,,,
1210,iza.ne.jp,55,71,,,,,,,,,,,,,
1211,ddmap.com,67,80,,,,,,,,,,,,,
1212,sport.es,,,,,,,,,,,,,,,
1213,usagc.org,,,,,,,,,,,,,,,
1214,taleo.net,,,,,,,,,,,,,,,
1215,idnes.cz,,,,,,,,,,,,,,,
1216,mit.edu,,,,,,,,,,,,,,,
1217,naughtyamerica.com,,,,,,,,,,,,,,,
1218,groupon.com,,,,,,,,,,,,,,,
1219,answerbag.com,57,,,,,,,,,,,,,,
1220,persiangig.com,,,,,,,,,,,,,,,
1221,otto.de,,,,,,,,,,,,,,,
1222,clubpenguin.com,69,81,,,,,,,,,,,,,
1223,xinmin.cn,55,75,,,,,,,,,,,,,
1224,idealo.de,,,,,,,,,,,,,,,
1225,dynamicdrive.com,,,,,,,,,,,,,,,
1226,subo.me,,,,,,,,,,,,,,,
1227,rutube.ru,,,,,,,,,,,,,,,
1228,daqi.com,49,78,,,,,,,,,,,,,
1229,mainichi.jp,53,73,1.3.2,,,,,,,,,,,,
1230,netload.in,,,,,,,,,,,,,,,
1231,serversiders.com,,,,,,,,,,,,,,,
1232,netvibes.com,,,,,,,,,,,,,,,
1233,stanford.edu,,,,,,,,,,,,,,,
1234,tomshardware.com,,,,,,,,,,,,,,,
1235,chinaren.com,,,,,,,,,,,,,,,
1236,ilmeteo.it,,,,,,,,,,,,,,,
1237,xrea.com,,,,,,,,,,,,,,,
1238,blocket.se,,,,,,,,,,,,,,,
1239,kapook.com,,,,,,,,,,,,,,,
1240,mister-wong.de,,,,,,,,,,,,,,,
1241,vietnamnet.vn,,,,,,,,,,,,,,,
1242,worldofwarcraft.com,,,,,,,,,,,,,,,
1243,slashdot.org,,,,,,,,,,,,,,,
1244,rlslog.net,,,,,,,,,,,,,,,
1245,travian.com,91,88,,,,,,,,,,,,,
1246,speedbit.com,,,,,,,,,,,,,,,
1247,strato.de,,,,,,,,,,,,,,,
1248,miibeian.gov.cn,,90,,,,,,,,,,,,,
1249,searchqu.com,,,,,,,,,,,,,,,
1250,azet.sk,,,,,,,,,,,,,,,
1251,caribbeancom.com,,,,,,,,,,,,,,,
1252,bigtube.com,,,,,,,,,,,,,,,
1253,jimdo.com,,,,,,,,,,,,,,,
1254,xanga.com,,,,,,,,,,,,,,,
1255,stagevu.com,,,,,,,,,,,,,,,
1256,seobook.com,,,,,,,,,,,,,,,
1257,canalblog.com,,,,,,,,,,,,,,,
1258,dpreview.com,,,,,,,,,,,,,,,
1259,cams.com,,,,,,,,,,,,,,,
1260,vagos.es,56,70,,,,,,,,,,,,,
1261,okcupid.com,,,,,,,,,,,,,,,
1262,cbs.com,,,,,,,,,,,,,,,
1263,google.com.bd,,,,,,,,,,,,,,,
1264,medicinenet.com,,,,,,,,,,,,,,,
1265,zdnet.com,,,,,,,,,,,,,,,
1266,egooad.com,,75,1.1.3,,,,,,,,,,,,
1267,tvguide.com,,,,,,,,,,,,,,,
1268,easyjet.com,,,,,,,,,,,,,,,
1269,rapid-downloads.com,,86,,,,,,,,,,,,,
1270,businessinsider.com,,,,,,,,,,,,,,,
1271,www.net.cn,,,,,,,,,,,,,,,
1272,ip-adress.com,,,,,,,,,,,,,,,
1273,city-data.com,,,,,,,,,,,,,,,
1274,udn.com,,,,,,,,,,,,,,,
1275,xkcd.com,,,,,,,,,,,,,,,
1276,abc.net.au,,,,,,,,,,,,,,,
1277,legacy.com,,,,,,,,,,,,,,,
1278,football3.ir,,,,,,,,,,,,,,,
1279,egotastic.com,,,,,,,,,,,,,,,
1280,commbank.com.au,,,,,,,,,,,,,,,
1281,superpages.com,,,,,,,,,,,,,,,
1282,nipic.com,67,79,,,,,,,,,,,,,
1283,ilsole24ore.com,,,,,,,,,,,,,,,
1284,ovi.com,,,,,,,,,,,,,,,
1285,videosz.com,,,1.3.2 true,,,,,,,,,,,,
1286,celebuzz.com,,,,,,,,,,,,,,,
1287,sympatico.ca,,,,,,,,,,,,,,,
1288,ukr.net,,,,,,,,,,,,,,,
1289,justdial.com,,,,,,,,,,,,,,,
1290,turbobit.net,,,,,,,,,,,,,,,
1291,yieldads.com,,,,,,,,,,,,,,,
1292,cbc.ca,,,,,,,,,,,,,,,
1293,google.com.gt,,,,,,,,,,,,,,,
1294,chicagotribune.com,,,,,,,,,,,,,,,
1295,oracle.com,59,,,,,,,,,,,,,,
1296,linkhelper.cn,67,73,,,,,,,,,,,,,
1297,aa.com,,,,,,,,,,,,,,,
1298,infusionsoft.com,,,,,,,,,,,,,,,
1299,staples.com,,,,,,,,,,,,,,,
1300,dropbox.com,,,,,,,,,,,,,,,
1301,ime.nu,,,,,,,,,,,,,,,
1302,noaa.gov,,,,,,,,,,,,,,,
1303,giveawayoftheday.com,,,,,,,,,,,,,,,
1304,merchantcircle.com,,,,,,,,,,,,,,,
1305,ing.nl,,,,,,,,,,,,,,,
1306,qunar.com,,,,,,,,,,,,,,,
1307,centrum.cz,,,,,,,,,,,,,,,
1308,alivedownload.com,,,,,,,,,,,,,,,
1309,blinkx.com,,,,,,,,,,,,,,,
1310,clubic.com,,,,,,,,,,,,,,,
1311,storesonlinepro.com,,,,,,,,,,,,,,,
1312,qq437.cn,,,,,,,,,,,,,,,
1313,shop-pro.jp,,,,,,,,,,,,,,,
1314,sedo.com,,,,,,,,,,,,,,,
1315,tubegalore.com,,,,,,,,,,,,,,,
1316,adtech.info,,,,,,,,,,,,,,,
1317,subito.it,,,,,,,,,,,,,,,
1318,bytes.com,,,,,,,,,,,,,,,
1319,direct.gov.uk,,,,,,,,,,,,,,,
1320,failblog.org,,,,,,,,,,,,,,,
1321,muyzorras.com,,,,,,,,,,,,,,,
1322,faz.net,,,,,,,,,,,,,,,
1323,piriform.com,,,,,,,,,,,,,,,
1324,google.co.ke,,,,,,,,,,,,,,,
1325,travian.jp,,,,,,,,,,,,,,,
1326,soundcloud.com,,,,,,,,,,,,,,,
1327,blogs.com,,,,,,,,,,,,,,,
1328,tgbus.com,,,,,,,,,,,,,,,
1329,websiteoutlook.com,,,,,,,,,,,,,,,
1330,gamestop.com,,,,,,,,,,,,,,,
1331,bearshare.com,,,,,,,,,,,,,,,
1332,eztv.it,,,,,,,,,,,,,,,
1333,xuite.net,,,,,,,,,,,,,,,
1334,sandai.net,,,,,,,,,,,,,,,
1335,webry.info,,,,,,,,,,,,,,,
1336,youngpornmovies.com,,,,,,,,,,,,,,,
1337,atdmt.com,,,,,,,,,,,,,,,
1338,peeplo.com,,,,,,,,,,,,,,,
1339,pcgames.com.cn,,,,,,,,,,,,,,,
1340,gayromeo.com,,,,,,,,,,,,,,,
1341,im286.com,,82,,,,,,,,,,,,,
1342,shareflare.net,,,,,,,,,,,,,,,
1343,trademe.co.nz,,,,,,,,,,,,,,,
1344,trulia.com,,,,,,,,,,,,,,,
1345,cafepress.com,,,,,,,,,,,,,,,
1346,swagbucks.com,,,,,,,,,,,,,,,
1347,wix.com,,,,,,,,,,,,,,,
1348,ksl.com,,,,,,,,,,,,,,,
1349,52pk.net,,,,,,,,,,,,,,,
1350,tbs.co.jp,,,,,,,,,,,,,,,
1351,sourtimes.org,,,,,,,,,,,,,,,
1352,xmbs.jp,,,,,,,,,,,,,,,
1353,sp.gov.br,,,,,,,,,,,,,,,
1354,msn.com.cn,,,,,,,,,,,,,,,
1355,5173.com,,,,,,,,,,,,,,,
1356,allexperts.com,,,,,,,,,,,,,,,
1357,chatroulette.com,78,85,,,,,,,,,,,,,
1358,citysearch.com,,,,,,,,,,,,,,,
1359,domainsite.com,,,,,,,,,,,,,,,
1360,dek-d.com,,,,,,,,,,,,,,,
1361,instructables.com,,,,,,,,,,,,,,,
1362,bangbros.com,,,,,,,,,,,,,,,
1363,acer.com,,,,,,,,,,,,,,,
1364,autotrader.co.uk,,,,,,,,,,,,,,,
1365,webgame.com.cn,,,,,,,,,,,,,,,
1366,dospy.com,,,,,,,,,,,,,,,
1367,webhostingtalk.com,,,,,,,,,,,,,,,
1368,blogimg.jp,,,,,,,,,,,,,,,
1369,directorslive.com,,,,,,,,,,,,,,,
1370,mercadolibre.com.ve,,,,,,,,,,,,,,,
1371,play.com,,,,,,,,,,,,,,,
1372,lancenet.com.br,,,,,,,,,,,,,,,
1373,barclays.co.uk,,,,,,,,,,,,,,,
1374,uuu9.com,,,,,,,,,,,,,,,
1375,issuu.com,,,,,,,,,,,,,,,
1376,surfthechannel.com,,,,,,,,,,,,,,,
1377,daniweb.com,,,,,,,,,,,,,,,
1378,voyages-sncf.com,,,,,,,,,,,,,,,
1379,wow-europe.com,,,,,,,,,,,,,,,
1380,freewebs.com,,,,,,,,,,,,,,,
1381,imesh.com,,,,,,,,,,,,,,,
1382,mapion.co.jp,,,,,,,,,,,,,,,
1383,ifolder.ru,,,,,,,,,,,,,,,
1384,eqla3.com,,,,,,,,,,,,,,,
1385,torrenthound.com,,,,,,,,,,,,,,,
1386,toptvbytes.com,,,,,,,,,,,,,,,
1387,hotklix.com,,,,,,,,,,,,,,,
1388,newyorkmetro.com,,,,,,,,,,,,,,,
1389,tdcanadatrust.com,,,,,,,,,,,,,,,
1390,adscale.de,,,,,,,,,,,,,,,
1391,aboutus.org,,,,,,,,,,,,,,,
1392,bsnl.co.in,,,,,,,,,,,,,,,
1393,2shared.com,,,,,,,,,,,,,,,
1394,slate.com,,,,,,,,,,,,,,,
1395,mahalo.com,,,,,,,,,,,,,,,
1396,liutilities.com,,,,,,,,,,,,,,,
1397,asp.net,,,,,,,,,,,,,,,
1398,mundoanuncio.com,,,,,,,,,,,,,,,
1399,otomoto.pl,,,,,,,,,,,,,,,
1400,lefigaro.fr,,,,,,,,,,,,,,,
1401,tenpay.com,,,,,,,,,,,,,,,
1402,vancl.com,,,,,,,,,,,,,,,
1403,webmoney.ru,,,,,,,,,,,,,,,
1404,geocities.co.jp,,,,,,,,,,,,,,,
1405,nbc.com,,,,,,,,,,,,,,,
1406,xxxmatch.com,,,,,,,,,,,,,,,
1407,kohls.com,,,,,,,,,,,,,,,
1408,google.co.cr,,,,,,,,,,,,,,,
1409,sing365.com,,,,,,,,,,,,,,,
1410,blackboard.com,,,,,,,,,,,,,,,
1411,diigo.com,,,,,,,,,,,,,,,
1412,wenxuecity.com,,,,,,,,,,,,,,,
1413,livefilestore.com,,,,,,,,,,,,,,,
1414,terra.es,,,,,,,,,,,,,,,
1415,poste.it,,,,,,,,,,,,,,,
1416,9189.com,,,,,,,,,,,,,,,
1417,sub.jp,,,,,,,,,,,,,,,
1418,minijuegos.com,,,,,,,,,,,,,,,
1419,ubuntuforums.org,,,,,,,,,,,,,,,
1420,home.ne.jp,,,,,,,,,,,,,,,
1421,with2.net,,,,,,,,,,,,,,,
1422,google.kz,,,,,,,,,,,,,,,
1423,nordstrom.com,,,,,,,,,,,,,,,
1424,fanbox.com,,,,,,,,,,,,,,,
1425,fancast.com,,,,,,,,,,,,,,,
1426,htc.com,,,,,,,,,,,,,,,
1427,zoho.com,,,,,,,,,,,,,,,
1428,brg8.com,,,,,,,,,,,,,,,
1429,cox.com,,,,,,,,,,,,,,,
1430,kaboodle.com,,,,,,,,,,,,,,,
1431,lastminute.com,,,,,,,,,,,,,,,
1432,phoenix.edu,,,,,,,,,,,,,,,
1433,fidelity.com,,,,,,,,,,,,,,,
1434,mediatakeout.com,,,,,,,,,,,,,,,
1435,n-tv.de,,,,,,,,,,,,,,,
1436,toysrus.com,,,,,,,,,,,,,,,
1437,steampowered.com,,,,,,,,,,,,,,,
1438,google.si,,,,,,,,,,,,,,,
1439,pudelek.pl,,,,,,,,,,,,,,,
1440,picfoco.com,,,,,,,,,,,,,,,
1441,hotmail.com,,,,,,,,,,,,,,,
1442,theage.com.au,,,,,,,,,,,,,,,
1443,ccbill.com,,,,,,,,,,,,,,,
1444,hidemyass.com,,,,,,,,,,,,,,,
1445,biblegateway.com,,,,,,,,,,,,,,,
1446,scriptmafia.org,,,,,,,,,,,,,,,
1447,fandango.com,,,,,,,,,,,,,,,
1448,tut.by,,,,,,,,,,,,,,,
1449,sonyericsson.com,,,,,,,,,,,,,,,
1450,walla.co.il,,,,,,,,,,,,,,,
1451,politico.com,,,,,,,,,,,,,,,
1452,thesuperficial.com,,,,,,,,,,,,,,,
1453,mofosex.com,,,,,,,,,,,,,,,
1454,51fswd.com,,,,,,,,,,,,,,,
1455,edmunds.com,,,,,,,,,,,,,,,
1456,thinkexist.com,,,,,,,,,,,,,,,
1457,efukt.com,,,,,,,,,,,,,,,
1458,mforos.com,,,,,,,,,,,,,,,
1459,gumtree.co.za,,,,,,,,,,,,,,,
1460,freenet.de,,,,,,,,,,,,,,,
1461,xmarks.com,,,,,,,,,,,,,,,
1462,bet365.com,,,,,,,,,,,,,,,
1463,shoplocal.com,,,,,,,,,,,,,,,
1464,freemail.hu,,,,,,,,,,,,,,,
1465,forumfree.it,,,,,,,,,,,,,,,
1466,wisegeek.com,,,,,,,,,,,,,,,
1467,pandora.tv,,,,,,,,,,,,,,,
1468,caixa.gov.br,,,,,,,,,,,,,,,
1469,nickjr.com,,,,,,,,,,,,,,,
1470,real.com,,,,,,,,,,,,,,,
1471,sitelogr.com,,,,,,,,,,,,,,,
1472,btmon.com,,,,,,,,,,,,,,,
1473,mobile01.com,,,,,,,,,,,,,,,
1474,singlesnet.com,,,,,,,,,,,,,,,
1475,bigresource.com,,,,,,,,,,,,,,,
1476,kaixin.com,,,,,,,,,,,,,,,
1477,bookryanair.com,,,,,,,,,,,,,,,
1478,xorg.pl,,,,,,,,,,,,,,,
1479,wn.com,,,,,,,,,,,,,,,
1480,877-77.com,,,,,,,,,,,,,,,
1481,ciao.de,,,,,,,,,,,,,,,
1482,azlyrics.com,,,,,,,,,,,,,,,
1483,ce.cn,,,,,,,,,,,,,,,
1484,fanhouse.com,,,,,,,,,,,,,,,
1485,stardoll.com,,,,,,,,,,,,,,,
1486,hotpepper.jp,,,,,,,,,,,,,,,
1487,jeeran.com,,,,,,,,,,,,,,,
1488,kinozal.tv,,,,,,,,,,,,,,,
1489,atpanel.com,,,,,,,,,,,,,,,
1490,echoroukonline.com,,,,,,,,,,,,,,,
1491,pimproll.com,,,,,,,,,,,,,,,
1492,cdiscount.com,,,,,,,,,,,,,,,
1493,inbox.com,,,,,,,,,,,,,,,
1494,duote.com,,,,,,,,,,,,,,,
1495,innoshock.com,,,,,,,,,,,,,,,
1496,xs8.cn,,,,,,,,,,,,,,,
1497,eskimotube.com,,,,,,,,,,,,,,,
1498,jumptags.com,,,,,,,,,,,,,,,
1499,asos.com,,,,,,,,,,,,,,,
1500,155game.com,,,,,,,,,,,,,,,